[
    {
        "id": 1,
        "name": "Afghanistan",
        "iso3": "AFG",
        "iso2": "AF",
        "country_code": "4",
        "phone_code": "93",
        "capital": "Kabul",
        "currency": "AFN"
    },
    {
        "id": 2,
        "name": "Aland Islands",
        "iso3": "ALA",
        "iso2": "AX",
        "country_code": "248",
        "phone_code": "+358-18",
        "capital": "Mariehamn",
        "currency": "EUR"
    },
    {
        "id": 3,
        "name": "Albania",
        "iso3": "ALB",
        "iso2": "AL",
        "country_code": "8",
        "phone_code": "355",
        "capital": "Tirana",
        "currency": "ALL"
    },
    {
        "id": 4,
        "name": "Algeria",
        "iso3": "DZA",
        "iso2": "DZ",
        "country_code": "12",
        "phone_code": "213",
        "capital": "Algiers",
        "currency": "DZD"
    },
    {
        "id": 5,
        "name": "American Samoa",
        "iso3": "ASM",
        "iso2": "AS",
        "country_code": "16",
        "phone_code": "+1-684",
        "capital": "Pago Pago",
        "currency": "USD"
    },
    {
        "id": 6,
        "name": "Andorra",
        "iso3": "AND",
        "iso2": "AD",
        "country_code": "20",
        "phone_code": "376",
        "capital": "Andorra la Vella",
        "currency": "EUR"
    },
    {
        "id": 7,
        "name": "Angola",
        "iso3": "AGO",
        "iso2": "AO",
        "country_code": "24",
        "phone_code": "244",
        "capital": "Luanda",
        "currency": "AOA"
    },
    {
        "id": 8,
        "name": "Anguilla",
        "iso3": "AIA",
        "iso2": "AI",
        "country_code": "660",
        "phone_code": "+1-264",
        "capital": "The Valley",
        "currency": "XCD"
    },
    {
        "id": 9,
        "name": "Antarctica",
        "iso3": "ATA",
        "iso2": "AQ",
        "country_code": "10",
        "phone_code": "",
        "capital": "",
        "currency": ""
    },
    {
        "id": 10,
        "name": "Antigua And Barbuda",
        "iso3": "ATG",
        "iso2": "AG",
        "country_code": "28",
        "phone_code": "+1-268",
        "capital": "St. John's",
        "currency": "XCD"
    },
    {
        "id": 11,
        "name": "Argentina",
        "iso3": "ARG",
        "iso2": "AR",
        "country_code": "32",
        "phone_code": "54",
        "capital": "Buenos Aires",
        "currency": "ARS"
    },
    {
        "id": 12,
        "name": "Armenia",
        "iso3": "ARM",
        "iso2": "AM",
        "country_code": "51",
        "phone_code": "374",
        "capital": "Yerevan",
        "currency": "AMD"
    },
    {
        "id": 13,
        "name": "Aruba",
        "iso3": "ABW",
        "iso2": "AW",
        "country_code": "533",
        "phone_code": "297",
        "capital": "Oranjestad",
        "currency": "AWG"
    },
    {
        "id": 14,
        "name": "Australia",
        "iso3": "AUS",
        "iso2": "AU",
        "country_code": "36",
        "phone_code": "61",
        "capital": "Canberra",
        "currency": "AUD"
    },
    {
        "id": 15,
        "name": "Austria",
        "iso3": "AUT",
        "iso2": "AT",
        "country_code": "40",
        "phone_code": "43",
        "capital": "Vienna",
        "currency": "EUR"
    },
    {
        "id": 16,
        "name": "Azerbaijan",
        "iso3": "AZE",
        "iso2": "AZ",
        "country_code": "31",
        "phone_code": "994",
        "capital": "Baku",
        "currency": "AZN"
    },
    {
        "id": 17,
        "name": "Bahamas The",
        "iso3": "BHS",
        "iso2": "BS",
        "country_code": "44",
        "phone_code": "+1-242",
        "capital": "Nassau",
        "currency": "BSD"
    },
    {
        "id": 18,
        "name": "Bahrain",
        "iso3": "BHR",
        "iso2": "BH",
        "country_code": "48",
        "phone_code": "973",
        "capital": "Manama",
        "currency": "BHD"
    },
    {
        "id": 19,
        "name": "Bangladesh",
        "iso3": "BGD",
        "iso2": "BD",
        "country_code": "50",
        "phone_code": "880",
        "capital": "Dhaka",
        "currency": "BDT"
    },
    {
        "id": 20,
        "name": "Barbados",
        "iso3": "BRB",
        "iso2": "BB",
        "country_code": "52",
        "phone_code": "+1-246",
        "capital": "Bridgetown",
        "currency": "BBD"
    },
    {
        "id": 21,
        "name": "Belarus",
        "iso3": "BLR",
        "iso2": "BY",
        "country_code": "112",
        "phone_code": "375",
        "capital": "Minsk",
        "currency": "BYR"
    },
    {
        "id": 22,
        "name": "Belgium",
        "iso3": "BEL",
        "iso2": "BE",
        "country_code": "56",
        "phone_code": "32",
        "capital": "Brussels",
        "currency": "EUR"
    },
    {
        "id": 23,
        "name": "Belize",
        "iso3": "BLZ",
        "iso2": "BZ",
        "country_code": "84",
        "phone_code": "501",
        "capital": "Belmopan",
        "currency": "BZD"
    },
    {
        "id": 24,
        "name": "Benin",
        "iso3": "BEN",
        "iso2": "BJ",
        "country_code": "204",
        "phone_code": "229",
        "capital": "Porto-Novo",
        "currency": "XOF"
    },
    {
        "id": 25,
        "name": "Bermuda",
        "iso3": "BMU",
        "iso2": "BM",
        "country_code": "60",
        "phone_code": "+1-441",
        "capital": "Hamilton",
        "currency": "BMD"
    },
    {
        "id": 26,
        "name": "Bhutan",
        "iso3": "BTN",
        "iso2": "BT",
        "country_code": "64",
        "phone_code": "975",
        "capital": "Thimphu",
        "currency": "BTN"
    },
    {
        "id": 27,
        "name": "Bolivia",
        "iso3": "BOL",
        "iso2": "BO",
        "country_code": "68",
        "phone_code": "591",
        "capital": "Sucre",
        "currency": "BOB"
    },
    {
        "id": 28,
        "name": "Bosnia and Herzegovina",
        "iso3": "BIH",
        "iso2": "BA",
        "country_code": "70",
        "phone_code": "387",
        "capital": "Sarajevo",
        "currency": "BAM"
    },
    {
        "id": 29,
        "name": "Botswana",
        "iso3": "BWA",
        "iso2": "BW",
        "country_code": "72",
        "phone_code": "267",
        "capital": "Gaborone",
        "currency": "BWP"
    },
    {
        "id": 30,
        "name": "Bouvet Island",
        "iso3": "BVT",
        "iso2": "BV",
        "country_code": "74",
        "phone_code": "",
        "capital": "",
        "currency": "NOK"
    },
    {
        "id": 31,
        "name": "Brazil",
        "iso3": "BRA",
        "iso2": "BR",
        "country_code": "76",
        "phone_code": "55",
        "capital": "Brasilia",
        "currency": "BRL"
    },
    {
        "id": 32,
        "name": "British Indian Ocean Territory",
        "iso3": "IOT",
        "iso2": "IO",
        "country_code": "86",
        "phone_code": "246",
        "capital": "Diego Garcia",
        "currency": "USD"
    },
    {
        "id": 33,
        "name": "Brunei",
        "iso3": "BRN",
        "iso2": "BN",
        "country_code": "96",
        "phone_code": "673",
        "capital": "Bandar Seri Begawan",
        "currency": "BND"
    },
    {
        "id": 34,
        "name": "Bulgaria",
        "iso3": "BGR",
        "iso2": "BG",
        "country_code": "100",
        "phone_code": "359",
        "capital": "Sofia",
        "currency": "BGN"
    },
    {
        "id": 35,
        "name": "Burkina Faso",
        "iso3": "BFA",
        "iso2": "BF",
        "country_code": "854",
        "phone_code": "226",
        "capital": "Ouagadougou",
        "currency": "XOF"
    },
    {
        "id": 36,
        "name": "Burundi",
        "iso3": "BDI",
        "iso2": "BI",
        "country_code": "108",
        "phone_code": "257",
        "capital": "Bujumbura",
        "currency": "BIF"
    },
    {
        "id": 37,
        "name": "Cambodia",
        "iso3": "KHM",
        "iso2": "KH",
        "country_code": "116",
        "phone_code": "855",
        "capital": "Phnom Penh",
        "currency": "KHR"
    },
    {
        "id": 38,
        "name": "Cameroon",
        "iso3": "CMR",
        "iso2": "CM",
        "country_code": "120",
        "phone_code": "237",
        "capital": "Yaounde",
        "currency": "XAF"
    },
    {
        "id": 39,
        "name": "Canada",
        "iso3": "CAN",
        "iso2": "CA",
        "country_code": "124",
        "phone_code": "1",
        "capital": "Ottawa",
        "currency": "CAD"
    },
    {
        "id": 40,
        "name": "Cape Verde",
        "iso3": "CPV",
        "iso2": "CV",
        "country_code": "132",
        "phone_code": "238",
        "capital": "Praia",
        "currency": "CVE"
    },
    {
        "id": 41,
        "name": "Cayman Islands",
        "iso3": "CYM",
        "iso2": "KY",
        "country_code": "136",
        "phone_code": "+1-345",
        "capital": "George Town",
        "currency": "KYD"
    },
    {
        "id": 42,
        "name": "Central African Republic",
        "iso3": "CAF",
        "iso2": "CF",
        "country_code": "140",
        "phone_code": "236",
        "capital": "Bangui",
        "currency": "XAF"
    },
    {
        "id": 43,
        "name": "Chad",
        "iso3": "TCD",
        "iso2": "TD",
        "country_code": "148",
        "phone_code": "235",
        "capital": "N'Djamena",
        "currency": "XAF"
    },
    {
        "id": 44,
        "name": "Chile",
        "iso3": "CHL",
        "iso2": "CL",
        "country_code": "152",
        "phone_code": "56",
        "capital": "Santiago",
        "currency": "CLP"
    },
    {
        "id": 45,
        "name": "China",
        "iso3": "CHN",
        "iso2": "CN",
        "country_code": "156",
        "phone_code": "86",
        "capital": "Beijing",
        "currency": "CNY"
    },
    {
        "id": 46,
        "name": "Christmas Island",
        "iso3": "CXR",
        "iso2": "CX",
        "country_code": "162",
        "phone_code": "61",
        "capital": "Flying Fish Cove",
        "currency": "AUD"
    },
    {
        "id": 47,
        "name": "Cocos (Keeling) Islands",
        "iso3": "CCK",
        "iso2": "CC",
        "country_code": "166",
        "phone_code": "61",
        "capital": "West Island",
        "currency": "AUD"
    },
    {
        "id": 48,
        "name": "Colombia",
        "iso3": "COL",
        "iso2": "CO",
        "country_code": "170",
        "phone_code": "57",
        "capital": "Bogota",
        "currency": "COP"
    },
    {
        "id": 49,
        "name": "Comoros",
        "iso3": "COM",
        "iso2": "KM",
        "country_code": "174",
        "phone_code": "269",
        "capital": "Moroni",
        "currency": "KMF"
    },
    {
        "id": 50,
        "name": "Congo",
        "iso3": "COG",
        "iso2": "CG",
        "country_code": "178",
        "phone_code": "242",
        "capital": "Brazzaville",
        "currency": "XAF"
    },
    {
        "id": 51,
        "name": "Congo The Democratic Republic Of The",
        "iso3": "COD",
        "iso2": "CD",
        "country_code": "180",
        "phone_code": "243",
        "capital": "Kinshasa",
        "currency": "CDF"
    },
    {
        "id": 52,
        "name": "Cook Islands",
        "iso3": "COK",
        "iso2": "CK",
        "country_code": "184",
        "phone_code": "682",
        "capital": "Avarua",
        "currency": "NZD"
    },
    {
        "id": 53,
        "name": "Costa Rica",
        "iso3": "CRI",
        "iso2": "CR",
        "country_code": "188",
        "phone_code": "506",
        "capital": "San Jose",
        "currency": "CRC"
    },
    {
        "id": 54,
        "name": "Cote D'Ivoire (Ivory Coast)",
        "iso3": "CIV",
        "iso2": "CI",
        "country_code": "384",
        "phone_code": "225",
        "capital": "Yamoussoukro",
        "currency": "XOF"
    },
    {
        "id": 55,
        "name": "Croatia (Hrvatska)",
        "iso3": "HRV",
        "iso2": "HR",
        "country_code": "191",
        "phone_code": "385",
        "capital": "Zagreb",
        "currency": "HRK"
    },
    {
        "id": 56,
        "name": "Cuba",
        "iso3": "CUB",
        "iso2": "CU",
        "country_code": "192",
        "phone_code": "53",
        "capital": "Havana",
        "currency": "CUP"
    },
    {
        "id": 57,
        "name": "Cyprus",
        "iso3": "CYP",
        "iso2": "CY",
        "country_code": "196",
        "phone_code": "357",
        "capital": "Nicosia",
        "currency": "EUR"
    },
    {
        "id": 58,
        "name": "Czech Republic",
        "iso3": "CZE",
        "iso2": "CZ",
        "country_code": "203",
        "phone_code": "420",
        "capital": "Prague",
        "currency": "CZK"
    },
    {
        "id": 59,
        "name": "Denmark",
        "iso3": "DNK",
        "iso2": "DK",
        "country_code": "208",
        "phone_code": "45",
        "capital": "Copenhagen",
        "currency": "DKK"
    },
    {
        "id": 60,
        "name": "Djibouti",
        "iso3": "DJI",
        "iso2": "DJ",
        "country_code": "262",
        "phone_code": "253",
        "capital": "Djibouti",
        "currency": "DJF"
    },
    {
        "id": 61,
        "name": "Dominica",
        "iso3": "DMA",
        "iso2": "DM",
        "country_code": "212",
        "phone_code": "+1-767",
        "capital": "Roseau",
        "currency": "XCD"
    },
    {
        "id": 62,
        "name": "Dominican Republic",
        "iso3": "DOM",
        "iso2": "DO",
        "country_code": "214",
        "phone_code": "+1-809 and 1-829",
        "capital": "Santo Domingo",
        "currency": "DOP"
    },
    {
        "id": 63,
        "name": "East Timor",
        "iso3": "TLS",
        "iso2": "TL",
        "country_code": "626",
        "phone_code": "670",
        "capital": "Dili",
        "currency": "USD"
    },
    {
        "id": 64,
        "name": "Ecuador",
        "iso3": "ECU",
        "iso2": "EC",
        "country_code": "218",
        "phone_code": "593",
        "capital": "Quito",
        "currency": "USD"
    },
    {
        "id": 65,
        "name": "Egypt",
        "iso3": "EGY",
        "iso2": "EG",
        "country_code": "818",
        "phone_code": "20",
        "capital": "Cairo",
        "currency": "EGP"
    },
    {
        "id": 66,
        "name": "El Salvador",
        "iso3": "SLV",
        "iso2": "SV",
        "country_code": "222",
        "phone_code": "503",
        "capital": "San Salvador",
        "currency": "USD"
    },
    {
        "id": 67,
        "name": "Equatorial Guinea",
        "iso3": "GNQ",
        "iso2": "GQ",
        "country_code": "226",
        "phone_code": "240",
        "capital": "Malabo",
        "currency": "XAF"
    },
    {
        "id": 68,
        "name": "Eritrea",
        "iso3": "ERI",
        "iso2": "ER",
        "country_code": "232",
        "phone_code": "291",
        "capital": "Asmara",
        "currency": "ERN"
    },
    {
        "id": 69,
        "name": "Estonia",
        "iso3": "EST",
        "iso2": "EE",
        "country_code": "233",
        "phone_code": "372",
        "capital": "Tallinn",
        "currency": "EUR"
    },
    {
        "id": 70,
        "name": "Ethiopia",
        "iso3": "ETH",
        "iso2": "ET",
        "country_code": "231",
        "phone_code": "251",
        "capital": "Addis Ababa",
        "currency": "ETB"
    },
    {
        "id": 71,
        "name": "Falkland Islands",
        "iso3": "FLK",
        "iso2": "FK",
        "country_code": "238",
        "phone_code": "500",
        "capital": "Stanley",
        "currency": "FKP"
    },
    {
        "id": 72,
        "name": "Faroe Islands",
        "iso3": "FRO",
        "iso2": "FO",
        "country_code": "234",
        "phone_code": "298",
        "capital": "Torshavn",
        "currency": "DKK"
    },
    {
        "id": 73,
        "name": "Fiji Islands",
        "iso3": "FJI",
        "iso2": "FJ",
        "country_code": "242",
        "phone_code": "679",
        "capital": "Suva",
        "currency": "FJD"
    },
    {
        "id": 74,
        "name": "Finland",
        "iso3": "FIN",
        "iso2": "FI",
        "country_code": "246",
        "phone_code": "358",
        "capital": "Helsinki",
        "currency": "EUR"
    },
    {
        "id": 75,
        "name": "France",
        "iso3": "FRA",
        "iso2": "FR",
        "country_code": "250",
        "phone_code": "33",
        "capital": "Paris",
        "currency": "EUR"
    },
    {
        "id": 76,
        "name": "French Guiana",
        "iso3": "GUF",
        "iso2": "GF",
        "country_code": "254",
        "phone_code": "594",
        "capital": "Cayenne",
        "currency": "EUR"
    },
    {
        "id": 77,
        "name": "French Polynesia",
        "iso3": "PYF",
        "iso2": "PF",
        "country_code": "258",
        "phone_code": "689",
        "capital": "Papeete",
        "currency": "XPF"
    },
    {
        "id": 78,
        "name": "French Southern Territories",
        "iso3": "ATF",
        "iso2": "TF",
        "country_code": "260",
        "phone_code": "",
        "capital": "Port-aux-Francais",
        "currency": "EUR"
    },
    {
        "id": 79,
        "name": "Gabon",
        "iso3": "GAB",
        "iso2": "GA",
        "country_code": "266",
        "phone_code": "241",
        "capital": "Libreville",
        "currency": "XAF"
    },
    {
        "id": 80,
        "name": "Gambia The",
        "iso3": "GMB",
        "iso2": "GM",
        "country_code": "270",
        "phone_code": "220",
        "capital": "Banjul",
        "currency": "GMD"
    },
    {
        "id": 81,
        "name": "Georgia",
        "iso3": "GEO",
        "iso2": "GE",
        "country_code": "268",
        "phone_code": "995",
        "capital": "Tbilisi",
        "currency": "GEL"
    },
    {
        "id": 82,
        "name": "Germany",
        "iso3": "DEU",
        "iso2": "DE",
        "country_code": "276",
        "phone_code": "49",
        "capital": "Berlin",
        "currency": "EUR"
    },
    {
        "id": 83,
        "name": "Ghana",
        "iso3": "GHA",
        "iso2": "GH",
        "country_code": "288",
        "phone_code": "233",
        "capital": "Accra",
        "currency": "GHS"
    },
    {
        "id": 84,
        "name": "Gibraltar",
        "iso3": "GIB",
        "iso2": "GI",
        "country_code": "292",
        "phone_code": "350",
        "capital": "Gibraltar",
        "currency": "GIP"
    },
    {
        "id": 85,
        "name": "Greece",
        "iso3": "GRC",
        "iso2": "GR",
        "country_code": "300",
        "phone_code": "30",
        "capital": "Athens",
        "currency": "EUR"
    },
    {
        "id": 86,
        "name": "Greenland",
        "iso3": "GRL",
        "iso2": "GL",
        "country_code": "304",
        "phone_code": "299",
        "capital": "Nuuk",
        "currency": "DKK"
    },
    {
        "id": 87,
        "name": "Grenada",
        "iso3": "GRD",
        "iso2": "GD",
        "country_code": "308",
        "phone_code": "+1-473",
        "capital": "St. George's",
        "currency": "XCD"
    },
    {
        "id": 88,
        "name": "Guadeloupe",
        "iso3": "GLP",
        "iso2": "GP",
        "country_code": "312",
        "phone_code": "590",
        "capital": "Basse-Terre",
        "currency": "EUR"
    },
    {
        "id": 89,
        "name": "Guam",
        "iso3": "GUM",
        "iso2": "GU",
        "country_code": "316",
        "phone_code": "+1-671",
        "capital": "Hagatna",
        "currency": "USD"
    },
    {
        "id": 90,
        "name": "Guatemala",
        "iso3": "GTM",
        "iso2": "GT",
        "country_code": "320",
        "phone_code": "502",
        "capital": "Guatemala City",
        "currency": "GTQ"
    },
    {
        "id": 91,
        "name": "Guernsey and Alderney",
        "iso3": "GGY",
        "iso2": "GG",
        "country_code": "831",
        "phone_code": "+44-1481",
        "capital": "St Peter Port",
        "currency": "GBP"
    },
    {
        "id": 92,
        "name": "Guinea",
        "iso3": "GIN",
        "iso2": "GN",
        "country_code": "324",
        "phone_code": "224",
        "capital": "Conakry",
        "currency": "GNF"
    },
    {
        "id": 93,
        "name": "Guinea-Bissau",
        "iso3": "GNB",
        "iso2": "GW",
        "country_code": "624",
        "phone_code": "245",
        "capital": "Bissau",
        "currency": "XOF"
    },
    {
        "id": 94,
        "name": "Guyana",
        "iso3": "GUY",
        "iso2": "GY",
        "country_code": "328",
        "phone_code": "592",
        "capital": "Georgetown",
        "currency": "GYD"
    },
    {
        "id": 95,
        "name": "Haiti",
        "iso3": "HTI",
        "iso2": "HT",
        "country_code": "332",
        "phone_code": "509",
        "capital": "Port-au-Prince",
        "currency": "HTG"
    },
    {
        "id": 96,
        "name": "Heard and McDonald Islands",
        "iso3": "HMD",
        "iso2": "HM",
        "country_code": "334",
        "phone_code": " ",
        "capital": "",
        "currency": "AUD"
    },
    {
        "id": 97,
        "name": "Honduras",
        "iso3": "HND",
        "iso2": "HN",
        "country_code": "340",
        "phone_code": "504",
        "capital": "Tegucigalpa",
        "currency": "HNL"
    },
    {
        "id": 98,
        "name": "Hong Kong S.A.R.",
        "iso3": "HKG",
        "iso2": "HK",
        "country_code": "344",
        "phone_code": "852",
        "capital": "Hong Kong",
        "currency": "HKD"
    },
    {
        "id": 99,
        "name": "Hungary",
        "iso3": "HUN",
        "iso2": "HU",
        "country_code": "348",
        "phone_code": "36",
        "capital": "Budapest",
        "currency": "HUF"
    },
    {
        "id": 100,
        "name": "Iceland",
        "iso3": "ISL",
        "iso2": "IS",
        "country_code": "352",
        "phone_code": "354",
        "capital": "Reykjavik",
        "currency": "ISK"
    },
    {
        "id": 101,
        "name": "India",
        "iso3": "IND",
        "iso2": "IN",
        "country_code": "356",
        "phone_code": "91",
        "capital": "New Delhi",
        "currency": "INR"
    },
    {
        "id": 102,
        "name": "Indonesia",
        "iso3": "IDN",
        "iso2": "ID",
        "country_code": "360",
        "phone_code": "62",
        "capital": "Jakarta",
        "currency": "IDR"
    },
    {
        "id": 103,
        "name": "Iran",
        "iso3": "IRN",
        "iso2": "IR",
        "country_code": "364",
        "phone_code": "98",
        "capital": "Tehran",
        "currency": "IRR"
    },
    {
        "id": 104,
        "name": "Iraq",
        "iso3": "IRQ",
        "iso2": "IQ",
        "country_code": "368",
        "phone_code": "964",
        "capital": "Baghdad",
        "currency": "IQD"
    },
    {
        "id": 105,
        "name": "Ireland",
        "iso3": "IRL",
        "iso2": "IE",
        "country_code": "372",
        "phone_code": "353",
        "capital": "Dublin",
        "currency": "EUR"
    },
    {
        "id": 106,
        "name": "Israel",
        "iso3": "ISR",
        "iso2": "IL",
        "country_code": "376",
        "phone_code": "972",
        "capital": "Jerusalem",
        "currency": "ILS"
    },
    {
        "id": 107,
        "name": "Italy",
        "iso3": "ITA",
        "iso2": "IT",
        "country_code": "380",
        "phone_code": "39",
        "capital": "Rome",
        "currency": "EUR"
    },
    {
        "id": 108,
        "name": "Jamaica",
        "iso3": "JAM",
        "iso2": "JM",
        "country_code": "388",
        "phone_code": "+1-876",
        "capital": "Kingston",
        "currency": "JMD"
    },
    {
        "id": 109,
        "name": "Japan",
        "iso3": "JPN",
        "iso2": "JP",
        "country_code": "392",
        "phone_code": "81",
        "capital": "Tokyo",
        "currency": "JPY"
    },
    {
        "id": 110,
        "name": "Jersey",
        "iso3": "JEY",
        "iso2": "JE",
        "country_code": "832",
        "phone_code": "+44-1534",
        "capital": "Saint Helier",
        "currency": "GBP"
    },
    {
        "id": 111,
        "name": "Jordan",
        "iso3": "JOR",
        "iso2": "JO",
        "country_code": "400",
        "phone_code": "962",
        "capital": "Amman",
        "currency": "JOD"
    },
    {
        "id": 112,
        "name": "Kazakhstan",
        "iso3": "KAZ",
        "iso2": "KZ",
        "country_code": "398",
        "phone_code": "7",
        "capital": "Astana",
        "currency": "KZT"
    },
    {
        "id": 113,
        "name": "Kenya",
        "iso3": "KEN",
        "iso2": "KE",
        "country_code": "404",
        "phone_code": "254",
        "capital": "Nairobi",
        "currency": "KES"
    },
    {
        "id": 114,
        "name": "Kiribati",
        "iso3": "KIR",
        "iso2": "KI",
        "country_code": "296",
        "phone_code": "686",
        "capital": "Tarawa",
        "currency": "AUD"
    },
    {
        "id": 115,
        "name": "Korea North\n",
        "iso3": "PRK",
        "iso2": "KP",
        "country_code": "408",
        "phone_code": "850",
        "capital": "Pyongyang",
        "currency": "KPW"
    },
    {
        "id": 116,
        "name": "Korea South",
        "iso3": "KOR",
        "iso2": "KR",
        "country_code": "410",
        "phone_code": "82",
        "capital": "Seoul",
        "currency": "KRW"
    },
    {
        "id": 117,
        "name": "Kuwait",
        "iso3": "KWT",
        "iso2": "KW",
        "country_code": "414",
        "phone_code": "965",
        "capital": "Kuwait City",
        "currency": "KWD"
    },
    {
        "id": 118,
        "name": "Kyrgyzstan",
        "iso3": "KGZ",
        "iso2": "KG",
        "country_code": "417",
        "phone_code": "996",
        "capital": "Bishkek",
        "currency": "KGS"
    },
    {
        "id": 119,
        "name": "Laos",
        "iso3": "LAO",
        "iso2": "LA",
        "country_code": "418",
        "phone_code": "856",
        "capital": "Vientiane",
        "currency": "LAK"
    },
    {
        "id": 120,
        "name": "Latvia",
        "iso3": "LVA",
        "iso2": "LV",
        "country_code": "428",
        "phone_code": "371",
        "capital": "Riga",
        "currency": "EUR"
    },
    {
        "id": 121,
        "name": "Lebanon",
        "iso3": "LBN",
        "iso2": "LB",
        "country_code": "422",
        "phone_code": "961",
        "capital": "Beirut",
        "currency": "LBP"
    },
    {
        "id": 122,
        "name": "Lesotho",
        "iso3": "LSO",
        "iso2": "LS",
        "country_code": "426",
        "phone_code": "266",
        "capital": "Maseru",
        "currency": "LSL"
    },
    {
        "id": 123,
        "name": "Liberia",
        "iso3": "LBR",
        "iso2": "LR",
        "country_code": "430",
        "phone_code": "231",
        "capital": "Monrovia",
        "currency": "LRD"
    },
    {
        "id": 124,
        "name": "Libya",
        "iso3": "LBY",
        "iso2": "LY",
        "country_code": "434",
        "phone_code": "218",
        "capital": "Tripolis",
        "currency": "LYD"
    },
    {
        "id": 125,
        "name": "Liechtenstein",
        "iso3": "LIE",
        "iso2": "LI",
        "country_code": "438",
        "phone_code": "423",
        "capital": "Vaduz",
        "currency": "CHF"
    },
    {
        "id": 126,
        "name": "Lithuania",
        "iso3": "LTU",
        "iso2": "LT",
        "country_code": "440",
        "phone_code": "370",
        "capital": "Vilnius",
        "currency": "LTL"
    },
    {
        "id": 127,
        "name": "Luxembourg",
        "iso3": "LUX",
        "iso2": "LU",
        "country_code": "442",
        "phone_code": "352",
        "capital": "Luxembourg",
        "currency": "EUR"
    },
    {
        "id": 128,
        "name": "Macau S.A.R.",
        "iso3": "MAC",
        "iso2": "MO",
        "country_code": "446",
        "phone_code": "853",
        "capital": "Macao",
        "currency": "MOP"
    },
    {
        "id": 129,
        "name": "Macedonia",
        "iso3": "MKD",
        "iso2": "MK",
        "country_code": "807",
        "phone_code": "389",
        "capital": "Skopje",
        "currency": "MKD"
    },
    {
        "id": 130,
        "name": "Madagascar",
        "iso3": "MDG",
        "iso2": "MG",
        "country_code": "450",
        "phone_code": "261",
        "capital": "Antananarivo",
        "currency": "MGA"
    },
    {
        "id": 131,
        "name": "Malawi",
        "iso3": "MWI",
        "iso2": "MW",
        "country_code": "454",
        "phone_code": "265",
        "capital": "Lilongwe",
        "currency": "MWK"
    },
    {
        "id": 132,
        "name": "Malaysia",
        "iso3": "MYS",
        "iso2": "MY",
        "country_code": "458",
        "phone_code": "60",
        "capital": "Kuala Lumpur",
        "currency": "MYR"
    },
    {
        "id": 133,
        "name": "Maldives",
        "iso3": "MDV",
        "iso2": "MV",
        "country_code": "462",
        "phone_code": "960",
        "capital": "Male",
        "currency": "MVR"
    },
    {
        "id": 134,
        "name": "Mali",
        "iso3": "MLI",
        "iso2": "ML",
        "country_code": "466",
        "phone_code": "223",
        "capital": "Bamako",
        "currency": "XOF"
    },
    {
        "id": 135,
        "name": "Malta",
        "iso3": "MLT",
        "iso2": "MT",
        "country_code": "470",
        "phone_code": "356",
        "capital": "Valletta",
        "currency": "EUR"
    },
    {
        "id": 136,
        "name": "Man (Isle of)",
        "iso3": "IMN",
        "iso2": "IM",
        "country_code": "833",
        "phone_code": "+44-1624",
        "capital": "Douglas, Isle of Man",
        "currency": "GBP"
    },
    {
        "id": 137,
        "name": "Marshall Islands",
        "iso3": "MHL",
        "iso2": "MH",
        "country_code": "584",
        "phone_code": "692",
        "capital": "Majuro",
        "currency": "USD"
    },
    {
        "id": 138,
        "name": "Martinique",
        "iso3": "MTQ",
        "iso2": "MQ",
        "country_code": "474",
        "phone_code": "596",
        "capital": "Fort-de-France",
        "currency": "EUR"
    },
    {
        "id": 139,
        "name": "Mauritania",
        "iso3": "MRT",
        "iso2": "MR",
        "country_code": "478",
        "phone_code": "222",
        "capital": "Nouakchott",
        "currency": "MRO"
    },
    {
        "id": 140,
        "name": "Mauritius",
        "iso3": "MUS",
        "iso2": "MU",
        "country_code": "480",
        "phone_code": "230",
        "capital": "Port Louis",
        "currency": "MUR"
    },
    {
        "id": 141,
        "name": "Mayotte",
        "iso3": "MYT",
        "iso2": "YT",
        "country_code": "175",
        "phone_code": "262",
        "capital": "Mamoudzou",
        "currency": "EUR"
    },
    {
        "id": 142,
        "name": "Mexico",
        "iso3": "MEX",
        "iso2": "MX",
        "country_code": "484",
        "phone_code": "52",
        "capital": "Mexico City",
        "currency": "MXN"
    },
    {
        "id": 143,
        "name": "Micronesia",
        "iso3": "FSM",
        "iso2": "FM",
        "country_code": "583",
        "phone_code": "691",
        "capital": "Palikir",
        "currency": "USD"
    },
    {
        "id": 144,
        "name": "Moldova",
        "iso3": "MDA",
        "iso2": "MD",
        "country_code": "498",
        "phone_code": "373",
        "capital": "Chisinau",
        "currency": "MDL"
    },
    {
        "id": 145,
        "name": "Monaco",
        "iso3": "MCO",
        "iso2": "MC",
        "country_code": "492",
        "phone_code": "377",
        "capital": "Monaco",
        "currency": "EUR"
    },
    {
        "id": 146,
        "name": "Mongolia",
        "iso3": "MNG",
        "iso2": "MN",
        "country_code": "496",
        "phone_code": "976",
        "capital": "Ulan Bator",
        "currency": "MNT"
    },
    {
        "id": 147,
        "name": "Montenegro",
        "iso3": "MNE",
        "iso2": "ME",
        "country_code": "499",
        "phone_code": "382",
        "capital": "Podgorica",
        "currency": "EUR"
    },
    {
        "id": 148,
        "name": "Montserrat",
        "iso3": "MSR",
        "iso2": "MS",
        "country_code": "500",
        "phone_code": "+1-664",
        "capital": "Plymouth",
        "currency": "XCD"
    },
    {
        "id": 149,
        "name": "Morocco",
        "iso3": "MAR",
        "iso2": "MA",
        "country_code": "504",
        "phone_code": "212",
        "capital": "Rabat",
        "currency": "MAD"
    },
    {
        "id": 150,
        "name": "Mozambique",
        "iso3": "MOZ",
        "iso2": "MZ",
        "country_code": "508",
        "phone_code": "258",
        "capital": "Maputo",
        "currency": "MZN"
    },
    {
        "id": 151,
        "name": "Myanmar",
        "iso3": "MMR",
        "iso2": "MM",
        "country_code": "104",
        "phone_code": "95",
        "capital": "Nay Pyi Taw",
        "currency": "MMK"
    },
    {
        "id": 152,
        "name": "Namibia",
        "iso3": "NAM",
        "iso2": "NA",
        "country_code": "516",
        "phone_code": "264",
        "capital": "Windhoek",
        "currency": "NAD"
    },
    {
        "id": 153,
        "name": "Nauru",
        "iso3": "NRU",
        "iso2": "NR",
        "country_code": "520",
        "phone_code": "674",
        "capital": "Yaren",
        "currency": "AUD"
    },
    {
        "id": 154,
        "name": "Nepal",
        "iso3": "NPL",
        "iso2": "NP",
        "country_code": "524",
        "phone_code": "977",
        "capital": "Kathmandu",
        "currency": "NPR"
    },
    {
        "id": 155,
        "name": "Netherlands Antilles",
        "iso3": "ANT",
        "iso2": "AN",
        "country_code": "530",
        "phone_code": "",
        "capital": "",
        "currency": ""
    },
    {
        "id": 156,
        "name": "Netherlands The",
        "iso3": "NLD",
        "iso2": "NL",
        "country_code": "528",
        "phone_code": "31",
        "capital": "Amsterdam",
        "currency": "EUR"
    },
    {
        "id": 157,
        "name": "New Caledonia",
        "iso3": "NCL",
        "iso2": "NC",
        "country_code": "540",
        "phone_code": "687",
        "capital": "Noumea",
        "currency": "XPF"
    },
    {
        "id": 158,
        "name": "New Zealand",
        "iso3": "NZL",
        "iso2": "NZ",
        "country_code": "554",
        "phone_code": "64",
        "capital": "Wellington",
        "currency": "NZD"
    },
    {
        "id": 159,
        "name": "Nicaragua",
        "iso3": "NIC",
        "iso2": "NI",
        "country_code": "558",
        "phone_code": "505",
        "capital": "Managua",
        "currency": "NIO"
    },
    {
        "id": 160,
        "name": "Niger",
        "iso3": "NER",
        "iso2": "NE",
        "country_code": "562",
        "phone_code": "227",
        "capital": "Niamey",
        "currency": "XOF"
    },
    {
        "id": 161,
        "name": "Nigeria",
        "iso3": "NGA",
        "iso2": "NG",
        "country_code": "566",
        "phone_code": "234",
        "capital": "Abuja",
        "currency": "NGN"
    },
    {
        "id": 162,
        "name": "Niue",
        "iso3": "NIU",
        "iso2": "NU",
        "country_code": "570",
        "phone_code": "683",
        "capital": "Alofi",
        "currency": "NZD"
    },
    {
        "id": 163,
        "name": "Norfolk Island",
        "iso3": "NFK",
        "iso2": "NF",
        "country_code": "574",
        "phone_code": "672",
        "capital": "Kingston",
        "currency": "AUD"
    },
    {
        "id": 164,
        "name": "Northern Mariana Islands",
        "iso3": "MNP",
        "iso2": "MP",
        "country_code": "580",
        "phone_code": "+1-670",
        "capital": "Saipan",
        "currency": "USD"
    },
    {
        "id": 165,
        "name": "Norway",
        "iso3": "NOR",
        "iso2": "NO",
        "country_code": "578",
        "phone_code": "47",
        "capital": "Oslo",
        "currency": "NOK"
    },
    {
        "id": 166,
        "name": "Oman",
        "iso3": "OMN",
        "iso2": "OM",
        "country_code": "512",
        "phone_code": "968",
        "capital": "Muscat",
        "currency": "OMR"
    },
    {
        "id": 167,
        "name": "Pakistan",
        "iso3": "PAK",
        "iso2": "PK",
        "country_code": "586",
        "phone_code": "92",
        "capital": "Islamabad",
        "currency": "PKR"
    },
    {
        "id": 168,
        "name": "Palau",
        "iso3": "PLW",
        "iso2": "PW",
        "country_code": "585",
        "phone_code": "680",
        "capital": "Melekeok",
        "currency": "USD"
    },
    {
        "id": 169,
        "name": "Palestinian Territory Occupied",
        "iso3": "PSE",
        "iso2": "PS",
        "country_code": "275",
        "phone_code": "970",
        "capital": "East Jerusalem",
        "currency": "ILS"
    },
    {
        "id": 170,
        "name": "Panama",
        "iso3": "PAN",
        "iso2": "PA",
        "country_code": "591",
        "phone_code": "507",
        "capital": "Panama City",
        "currency": "PAB"
    },
    {
        "id": 171,
        "name": "Papua new Guinea",
        "iso3": "PNG",
        "iso2": "PG",
        "country_code": "598",
        "phone_code": "675",
        "capital": "Port Moresby",
        "currency": "PGK"
    },
    {
        "id": 172,
        "name": "Paraguay",
        "iso3": "PRY",
        "iso2": "PY",
        "country_code": "600",
        "phone_code": "595",
        "capital": "Asuncion",
        "currency": "PYG"
    },
    {
        "id": 173,
        "name": "Peru",
        "iso3": "PER",
        "iso2": "PE",
        "country_code": "604",
        "phone_code": "51",
        "capital": "Lima",
        "currency": "PEN"
    },
    {
        "id": 174,
        "name": "Philippines",
        "iso3": "PHL",
        "iso2": "PH",
        "country_code": "608",
        "phone_code": "63",
        "capital": "Manila",
        "currency": "PHP"
    },
    {
        "id": 175,
        "name": "Pitcairn Island",
        "iso3": "PCN",
        "iso2": "PN",
        "country_code": "612",
        "phone_code": "870",
        "capital": "Adamstown",
        "currency": "NZD"
    },
    {
        "id": 176,
        "name": "Poland",
        "iso3": "POL",
        "iso2": "PL",
        "country_code": "616",
        "phone_code": "48",
        "capital": "Warsaw",
        "currency": "PLN"
    },
    {
        "id": 177,
        "name": "Portugal",
        "iso3": "PRT",
        "iso2": "PT",
        "country_code": "620",
        "phone_code": "351",
        "capital": "Lisbon",
        "currency": "EUR"
    },
    {
        "id": 178,
        "name": "Puerto Rico",
        "iso3": "PRI",
        "iso2": "PR",
        "country_code": "630",
        "phone_code": "+1-787 and 1-939",
        "capital": "San Juan",
        "currency": "USD"
    },
    {
        "id": 179,
        "name": "Qatar",
        "iso3": "QAT",
        "iso2": "QA",
        "country_code": "634",
        "phone_code": "974",
        "capital": "Doha",
        "currency": "QAR"
    },
    {
        "id": 180,
        "name": "Reunion",
        "iso3": "REU",
        "iso2": "RE",
        "country_code": "638",
        "phone_code": "262",
        "capital": "Saint-Denis",
        "currency": "EUR"
    },
    {
        "id": 181,
        "name": "Romania",
        "iso3": "ROU",
        "iso2": "RO",
        "country_code": "642",
        "phone_code": "40",
        "capital": "Bucharest",
        "currency": "RON"
    },
    {
        "id": 182,
        "name": "Russia",
        "iso3": "RUS",
        "iso2": "RU",
        "country_code": "643",
        "phone_code": "7",
        "capital": "Moscow",
        "currency": "RUB"
    },
    {
        "id": 183,
        "name": "Rwanda",
        "iso3": "RWA",
        "iso2": "RW",
        "country_code": "646",
        "phone_code": "250",
        "capital": "Kigali",
        "currency": "RWF"
    },
    {
        "id": 184,
        "name": "Saint Helena",
        "iso3": "SHN",
        "iso2": "SH",
        "country_code": "654",
        "phone_code": "290",
        "capital": "Jamestown",
        "currency": "SHP"
    },
    {
        "id": 185,
        "name": "Saint Kitts And Nevis",
        "iso3": "KNA",
        "iso2": "KN",
        "country_code": "659",
        "phone_code": "+1-869",
        "capital": "Basseterre",
        "currency": "XCD"
    },
    {
        "id": 186,
        "name": "Saint Lucia",
        "iso3": "LCA",
        "iso2": "LC",
        "country_code": "662",
        "phone_code": "+1-758",
        "capital": "Castries",
        "currency": "XCD"
    },
    {
        "id": 187,
        "name": "Saint Pierre and Miquelon",
        "iso3": "SPM",
        "iso2": "PM",
        "country_code": "666",
        "phone_code": "508",
        "capital": "Saint-Pierre",
        "currency": "EUR"
    },
    {
        "id": 188,
        "name": "Saint Vincent And The Grenadines",
        "iso3": "VCT",
        "iso2": "VC",
        "country_code": "670",
        "phone_code": "+1-784",
        "capital": "Kingstown",
        "currency": "XCD"
    },
    {
        "id": 189,
        "name": "Saint-Barthelemy",
        "iso3": "BLM",
        "iso2": "BL",
        "country_code": "652",
        "phone_code": "590",
        "capital": "Gustavia",
        "currency": "EUR"
    },
    {
        "id": 190,
        "name": "Saint-Martin (French part)",
        "iso3": "MAF",
        "iso2": "MF",
        "country_code": "663",
        "phone_code": "590",
        "capital": "Marigot",
        "currency": "EUR"
    },
    {
        "id": 191,
        "name": "Samoa",
        "iso3": "WSM",
        "iso2": "WS",
        "country_code": "882",
        "phone_code": "685",
        "capital": "Apia",
        "currency": "WST"
    },
    {
        "id": 192,
        "name": "San Marino",
        "iso3": "SMR",
        "iso2": "SM",
        "country_code": "674",
        "phone_code": "378",
        "capital": "San Marino",
        "currency": "EUR"
    },
    {
        "id": 193,
        "name": "Sao Tome and Principe",
        "iso3": "STP",
        "iso2": "ST",
        "country_code": "678",
        "phone_code": "239",
        "capital": "Sao Tome",
        "currency": "STD"
    },
    {
        "id": 194,
        "name": "Saudi Arabia",
        "iso3": "SAU",
        "iso2": "SA",
        "country_code": "682",
        "phone_code": "966",
        "capital": "Riyadh",
        "currency": "SAR"
    },
    {
        "id": 195,
        "name": "Senegal",
        "iso3": "SEN",
        "iso2": "SN",
        "country_code": "686",
        "phone_code": "221",
        "capital": "Dakar",
        "currency": "XOF"
    },
    {
        "id": 196,
        "name": "Serbia",
        "iso3": "SRB",
        "iso2": "RS",
        "country_code": "688",
        "phone_code": "381",
        "capital": "Belgrade",
        "currency": "RSD"
    },
    {
        "id": 197,
        "name": "Seychelles",
        "iso3": "SYC",
        "iso2": "SC",
        "country_code": "690",
        "phone_code": "248",
        "capital": "Victoria",
        "currency": "SCR"
    },
    {
        "id": 198,
        "name": "Sierra Leone",
        "iso3": "SLE",
        "iso2": "SL",
        "country_code": "694",
        "phone_code": "232",
        "capital": "Freetown",
        "currency": "SLL"
    },
    {
        "id": 199,
        "name": "Singapore",
        "iso3": "SGP",
        "iso2": "SG",
        "country_code": "702",
        "phone_code": "65",
        "capital": "Singapur",
        "currency": "SGD"
    },
    {
        "id": 200,
        "name": "Slovakia",
        "iso3": "SVK",
        "iso2": "SK",
        "country_code": "703",
        "phone_code": "421",
        "capital": "Bratislava",
        "currency": "EUR"
    },
    {
        "id": 201,
        "name": "Slovenia",
        "iso3": "SVN",
        "iso2": "SI",
        "country_code": "705",
        "phone_code": "386",
        "capital": "Ljubljana",
        "currency": "EUR"
    },
    {
        "id": 202,
        "name": "Solomon Islands",
        "iso3": "SLB",
        "iso2": "SB",
        "country_code": "90",
        "phone_code": "677",
        "capital": "Honiara",
        "currency": "SBD"
    },
    {
        "id": 203,
        "name": "Somalia",
        "iso3": "SOM",
        "iso2": "SO",
        "country_code": "706",
        "phone_code": "252",
        "capital": "Mogadishu",
        "currency": "SOS"
    },
    {
        "id": 204,
        "name": "South Africa",
        "iso3": "ZAF",
        "iso2": "ZA",
        "country_code": "710",
        "phone_code": "27",
        "capital": "Pretoria",
        "currency": "ZAR"
    },
    {
        "id": 205,
        "name": "South Georgia",
        "iso3": "SGS",
        "iso2": "GS",
        "country_code": "239",
        "phone_code": "",
        "capital": "Grytviken",
        "currency": "GBP"
    },
    {
        "id": 206,
        "name": "South Sudan",
        "iso3": "SSD",
        "iso2": "SS",
        "country_code": "728",
        "phone_code": "211",
        "capital": "Juba",
        "currency": "SSP"
    },
    {
        "id": 207,
        "name": "Spain",
        "iso3": "ESP",
        "iso2": "ES",
        "country_code": "724",
        "phone_code": "34",
        "capital": "Madrid",
        "currency": "EUR"
    },
    {
        "id": 208,
        "name": "Sri Lanka",
        "iso3": "LKA",
        "iso2": "LK",
        "country_code": "144",
        "phone_code": "94",
        "capital": "Colombo",
        "currency": "LKR"
    },
    {
        "id": 209,
        "name": "Sudan",
        "iso3": "SDN",
        "iso2": "SD",
        "country_code": "736",
        "phone_code": "249",
        "capital": "Khartoum",
        "currency": "SDG"
    },
    {
        "id": 210,
        "name": "Suriname",
        "iso3": "SUR",
        "iso2": "SR",
        "country_code": "740",
        "phone_code": "597",
        "capital": "Paramaribo",
        "currency": "SRD"
    },
    {
        "id": 211,
        "name": "Svalbard And Jan Mayen Islands",
        "iso3": "SJM",
        "iso2": "SJ",
        "country_code": "744",
        "phone_code": "47",
        "capital": "Longyearbyen",
        "currency": "NOK"
    },
    {
        "id": 212,
        "name": "Swaziland",
        "iso3": "SWZ",
        "iso2": "SZ",
        "country_code": "748",
        "phone_code": "268",
        "capital": "Mbabane",
        "currency": "SZL"
    },
    {
        "id": 213,
        "name": "Sweden",
        "iso3": "SWE",
        "iso2": "SE",
        "country_code": "752",
        "phone_code": "46",
        "capital": "Stockholm",
        "currency": "SEK"
    },
    {
        "id": 214,
        "name": "Switzerland",
        "iso3": "CHE",
        "iso2": "CH",
        "country_code": "756",
        "phone_code": "41",
        "capital": "Berne",
        "currency": "CHF"
    },
    {
        "id": 215,
        "name": "Syria",
        "iso3": "SYR",
        "iso2": "SY",
        "country_code": "760",
        "phone_code": "963",
        "capital": "Damascus",
        "currency": "SYP"
    },
    {
        "id": 216,
        "name": "Taiwan",
        "iso3": "TWN",
        "iso2": "TW",
        "country_code": "158",
        "phone_code": "886",
        "capital": "Taipei",
        "currency": "TWD"
    },
    {
        "id": 217,
        "name": "Tajikistan",
        "iso3": "TJK",
        "iso2": "TJ",
        "country_code": "762",
        "phone_code": "992",
        "capital": "Dushanbe",
        "currency": "TJS"
    },
    {
        "id": 218,
        "name": "Tanzania",
        "iso3": "TZA",
        "iso2": "TZ",
        "country_code": "834",
        "phone_code": "255",
        "capital": "Dodoma",
        "currency": "TZS"
    },
    {
        "id": 219,
        "name": "Thailand",
        "iso3": "THA",
        "iso2": "TH",
        "country_code": "764",
        "phone_code": "66",
        "capital": "Bangkok",
        "currency": "THB"
    },
    {
        "id": 220,
        "name": "Togo",
        "iso3": "TGO",
        "iso2": "TG",
        "country_code": "768",
        "phone_code": "228",
        "capital": "Lome",
        "currency": "XOF"
    },
    {
        "id": 221,
        "name": "Tokelau",
        "iso3": "TKL",
        "iso2": "TK",
        "country_code": "772",
        "phone_code": "690",
        "capital": "",
        "currency": "NZD"
    },
    {
        "id": 222,
        "name": "Tonga",
        "iso3": "TON",
        "iso2": "TO",
        "country_code": "776",
        "phone_code": "676",
        "capital": "Nuku'alofa",
        "currency": "TOP"
    },
    {
        "id": 223,
        "name": "Trinidad And Tobago",
        "iso3": "TTO",
        "iso2": "TT",
        "country_code": "780",
        "phone_code": "+1-868",
        "capital": "Port of Spain",
        "currency": "TTD"
    },
    {
        "id": 224,
        "name": "Tunisia",
        "iso3": "TUN",
        "iso2": "TN",
        "country_code": "788",
        "phone_code": "216",
        "capital": "Tunis",
        "currency": "TND"
    },
    {
        "id": 225,
        "name": "Turkey",
        "iso3": "TUR",
        "iso2": "TR",
        "country_code": "792",
        "phone_code": "90",
        "capital": "Ankara",
        "currency": "TRY"
    },
    {
        "id": 226,
        "name": "Turkmenistan",
        "iso3": "TKM",
        "iso2": "TM",
        "country_code": "795",
        "phone_code": "993",
        "capital": "Ashgabat",
        "currency": "TMT"
    },
    {
        "id": 227,
        "name": "Turks And Caicos Islands",
        "iso3": "TCA",
        "iso2": "TC",
        "country_code": "796",
        "phone_code": "+1-649",
        "capital": "Cockburn Town",
        "currency": "USD"
    },
    {
        "id": 228,
        "name": "Tuvalu",
        "iso3": "TUV",
        "iso2": "TV",
        "country_code": "798",
        "phone_code": "688",
        "capital": "Funafuti",
        "currency": "AUD"
    },
    {
        "id": 229,
        "name": "Uganda",
        "iso3": "UGA",
        "iso2": "UG",
        "country_code": "800",
        "phone_code": "256",
        "capital": "Kampala",
        "currency": "UGX"
    },
    {
        "id": 230,
        "name": "Ukraine",
        "iso3": "UKR",
        "iso2": "UA",
        "country_code": "804",
        "phone_code": "380",
        "capital": "Kiev",
        "currency": "UAH"
    },
    {
        "id": 231,
        "name": "United Arab Emirates",
        "iso3": "ARE",
        "iso2": "AE",
        "country_code": "784",
        "phone_code": "971",
        "capital": "Abu Dhabi",
        "currency": "AED"
    },
    {
        "id": 232,
        "name": "United Kingdom",
        "iso3": "GBR",
        "iso2": "GB",
        "country_code": "826",
        "phone_code": "44",
        "capital": "London",
        "currency": "GBP"
    },
    {
        "id": 233,
        "name": "United States",
        "iso3": "USA",
        "iso2": "US",
        "country_code": "840",
        "phone_code": "1",
        "capital": "Washington",
        "currency": "USD"
    },
    {
        "id": 234,
        "name": "United States Minor Outlying Islands",
        "iso3": "UMI",
        "iso2": "UM",
        "country_code": "581",
        "phone_code": "1",
        "capital": "",
        "currency": "USD"
    },
    {
        "id": 235,
        "name": "Uruguay",
        "iso3": "URY",
        "iso2": "UY",
        "country_code": "858",
        "phone_code": "598",
        "capital": "Montevideo",
        "currency": "UYU"
    },
    {
        "id": 236,
        "name": "Uzbekistan",
        "iso3": "UZB",
        "iso2": "UZ",
        "country_code": "860",
        "phone_code": "998",
        "capital": "Tashkent",
        "currency": "UZS"
    },
    {
        "id": 237,
        "name": "Vanuatu",
        "iso3": "VUT",
        "iso2": "VU",
        "country_code": "548",
        "phone_code": "678",
        "capital": "Port Vila",
        "currency": "VUV"
    },
    {
        "id": 238,
        "name": "Vatican City State (Holy See)",
        "iso3": "VAT",
        "iso2": "VA",
        "country_code": "336",
        "phone_code": "379",
        "capital": "Vatican City",
        "currency": "EUR"
    },
    {
        "id": 239,
        "name": "Venezuela",
        "iso3": "VEN",
        "iso2": "VE",
        "country_code": "862",
        "phone_code": "58",
        "capital": "Caracas",
        "currency": "VEF"
    },
    {
        "id": 240,
        "name": "Vietnam",
        "iso3": "VNM",
        "iso2": "VN",
        "country_code": "704",
        "phone_code": "84",
        "capital": "Hanoi",
        "currency": "VND"
    },
    {
        "id": 241,
        "name": "Virgin Islands (British)",
        "iso3": "VGB",
        "iso2": "VG",
        "country_code": "92",
        "phone_code": "+1-284",
        "capital": "Road Town",
        "currency": "USD"
    },
    {
        "id": 242,
        "name": "Virgin Islands (US)",
        "iso3": "VIR",
        "iso2": "VI",
        "country_code": "850",
        "phone_code": "+1-340",
        "capital": "Charlotte Amalie",
        "currency": "USD"
    },
    {
        "id": 243,
        "name": "Wallis And Futuna Islands",
        "iso3": "WLF",
        "iso2": "WF",
        "country_code": "876",
        "phone_code": "681",
        "capital": "Mata Utu",
        "currency": "XPF"
    },
    {
        "id": 244,
        "name": "Western Sahara",
        "iso3": "ESH",
        "iso2": "EH",
        "country_code": "732",
        "phone_code": "212",
        "capital": "El-Aaiun",
        "currency": "MAD"
    },
    {
        "id": 245,
        "name": "Yemen",
        "iso3": "YEM",
        "iso2": "YE",
        "country_code": "887",
        "phone_code": "967",
        "capital": "Sanaa",
        "currency": "YER"
    },
    {
        "id": 246,
        "name": "Zambia",
        "iso3": "ZMB",
        "iso2": "ZM",
        "country_code": "894",
        "phone_code": "260",
        "capital": "Lusaka",
        "currency": "ZMK"
    },
    {
        "id": 247,
        "name": "Zimbabwe",
        "iso3": "ZWE",
        "iso2": "ZW",
        "country_code": "716",
        "phone_code": "263",
        "capital": "Harare",
        "currency": "ZWL"
    }
]